time,value,regime,cp_prob,detected_75
0,0.4967141530112327,1,0.0,0
1,-0.13826430117118466,1,0.0,0
2,0.6476885381006925,1,0.0,0
3,1.5230298564080254,1,0.0,0
4,-0.23415337472333597,1,0.0,0
5,-0.23413695694918055,1,0.0,0
6,1.5792128155073915,1,0.0,0
7,0.7674347291529088,1,0.0,0
8,-0.4694743859349521,1,0.0,0
9,0.5425600435859647,1,0.0,0
10,-0.46341769281246226,1,0.0,0
11,-0.46572975357025687,1,0.0,0
12,0.24196227156603412,1,0.0,0
13,-1.913280244657798,1,0.0,0
14,-1.7249178325130328,1,0.0,0
15,-0.5622875292409727,1,0.0,0
16,-1.0128311203344238,1,0.0,0
17,0.3142473325952739,1,0.0,0
18,-0.9080240755212109,1,0.0,0
19,-1.4123037013352915,1,0.0,0
20,1.465648768921554,1,0.0,0
21,-0.22577630048653566,1,0.0,0
22,0.06752820468792384,1,0.0,0
23,-1.4247481862134568,1,0.0,0
24,-0.5443827245251827,1,0.0,0
25,0.11092258970986608,1,0.0,0
26,-1.1509935774223028,1,0.0,0
27,0.37569801834567196,1,0.0,0
28,-0.600638689918805,1,0.0,0
29,-0.2916937497932768,1,0.0,0
30,-0.6017066122293969,1,0.5,0
31,1.8522781845089378,1,0.48793461642666125,0
32,-0.013497224737933921,1,0.4850302076168819,0
33,-1.0577109289559004,1,0.5204103903141352,0
34,0.822544912103189,1,0.4359596134557893,0
35,-1.2208436499710222,1,0.5558620590170359,0
36,0.2088635950047554,1,0.4664151062030954,0
37,-1.9596701238797756,1,0.613824500070702,0
38,-1.3281860488984305,1,0.6062924852762008,0
39,0.19686123586912352,1,0.4495266922529429,0
40,0.7384665799954104,1,0.36779068574551255,0
41,0.1713682811899705,1,0.44532824498617685,0
42,-0.11564828238824053,1,0.47245371750064974,0
43,-0.3011036955892888,1,0.4885951985853021,0
44,-1.4785219903674274,1,0.5967789458942578,0
45,-0.7198442083947086,1,0.5419280393471769,0
46,-0.4606387709597875,1,0.5224995001669915,0
47,1.0571222262189157,1,0.42036968945525993,0
48,0.3436182895684614,1,0.46846011766646645,0
49,-1.763040155362734,1,0.5511362355258331,0
50,0.324083969394795,1,0.48456444886165373,0
51,-0.38508228041631654,1,0.5275661361685909,0
52,-0.6769220003059587,1,0.5341468885769421,0
53,0.6116762888408679,1,0.44116235513394264,0
54,1.030999522495951,1,0.44177868796760944,0
55,0.9312801191161986,1,0.47976887453275097,0
56,-0.8392175232226385,1,0.499695225680623,0
57,-0.3092123758512146,1,0.49615836195491464,0
58,0.33126343140356396,1,0.49144239402777173,0
59,0.9755451271223592,1,0.5066642481399845,0
60,-0.47917423784528995,1,0.4764472118349023,0
61,-0.18565897666381712,1,0.47757878232373846,0
62,-1.1063349740060282,1,0.5079102855520168,0
63,-1.1962066240806708,1,0.5214278090017652,0
64,0.812525822394198,1,0.4708070042395507,0
65,1.356240028570823,1,0.4370601044039388,0
66,-0.07201012158033385,1,0.501784077218146,0
67,1.0035328978920242,1,0.4965152609316876,0
68,0.36163602504763415,1,0.5417660382318668,0
69,-0.6451197546051243,1,0.4681991812129534,0
70,0.36139560550841393,1,0.5572824636066928,0
71,1.5380365664659692,1,0.5083318026626584,0
72,-0.03582603910995154,1,0.5187191640522908,0
73,1.5646436558140062,1,0.581287750464762,0
74,-2.6197451040897444,1,0.38494145769908705,0
75,0.8219025043752238,1,0.5568119472498804,0
76,0.08704706823817122,1,0.48359107653553507,0
77,-0.29900735046586746,1,0.44242722973703064,0
78,0.0917607765355023,1,0.487565488154282,0
79,-1.9875689146008928,1,0.43182757973566105,0
80,-0.21967188783751193,1,0.460863286039013,0
81,0.3571125715117464,1,0.5095373915615248,0
82,1.477894044741516,1,0.6595470791757717,0
83,-0.5182702182736474,1,0.4133746965933746,0
84,-0.8084936028931876,1,0.40569014881186527,0
85,-0.5017570435845365,1,0.43620507581821366,0
86,0.9154021177020741,1,0.5431860312670279,0
87,0.32875110965968446,1,0.49544244658298925,0
88,-0.5297602037670388,1,0.42877329190973656,0
89,0.5132674331133561,1,0.5082993804574091,0
90,0.09707754934804039,1,0.47125471982079514,0
91,0.9686449905328892,1,0.5651619007889147,0
92,-0.7020530938773524,1,0.41805462400120885,0
93,-0.3276621465977682,1,0.43391208279631965,0
94,-0.39210815313215763,1,0.42940256393638465,0
95,-1.4635149481321186,1,0.3989745891227263,0
96,0.29612027706457605,1,0.49228222553636736,0
97,0.26105527217988933,1,0.488244745373508,0
98,0.00511345664246089,1,0.47784541381766293,0
99,-0.23458713337514692,1,0.4689666279923223,0
100,-1.4153707420504142,1,0.4662923669157854,0
101,-0.42064532276535904,1,0.46019005782366534,0
102,-0.3427145165267695,1,0.48966979368557845,0
103,-0.8022772692216189,1,0.5049764589118778,0
104,-0.16128571166600914,1,0.5092248020935304,0
105,0.4040508568145384,1,0.5294218038492118,0
106,1.8861859012105302,1,0.13649762636250828,0
107,0.17457781283183896,1,0.5371994735219007,0
108,0.25755039072276437,1,0.5340606114746516,0
109,-0.07444591576616721,1,0.5396730569351013,0
110,-1.9187712152990415,1,0.1773032052802976,0
111,-0.026513875449216878,1,0.5484487271943224,0
112,0.06023020994102644,1,0.5471525436966628,0
113,2.463242112485286,1,0.12622534066744653,0
114,-0.19236096478112252,1,0.5114174860805931,0
115,0.30154734233361247,1,0.5281612787949297,0
116,-0.03471176970524331,1,0.5191136350193716,0
117,-1.168678037619532,1,0.4434425283716723,0
118,1.1428228145150205,1,0.4903623843724428,0
119,0.7519330326867741,1,0.5228092590851936,0
120,0.7910319470430469,1,0.5230709511551052,0
121,-0.9093874547947389,1,0.4554689309460856,0
122,1.4027943109360992,1,0.5190623565532618,0
123,-1.4018510627922809,1,0.4549520120189994,0
124,0.5868570938002703,1,0.49604962894753996,0
125,2.1904556258099785,1,0.738825278765819,0
126,-0.9905363251306883,1,0.4024187744258817,0
127,-0.5662977296027719,1,0.41866652240573293,0
128,0.09965136508764122,1,0.4484616358846486,0
129,-0.5034756541161992,1,0.42110907877488624,0
130,-1.5506634310661327,1,0.4884033475068042,0
131,0.06856297480602733,1,0.44160457123523106,0
132,-1.0623037137261049,1,0.4257469338617296,0
133,0.4735924306351816,1,0.47393680294889795,0
134,-0.9194242342338032,1,0.4088993537214801,0
135,1.5499344050175394,1,0.6955395394160135,0
136,-0.7832532923362371,1,0.39660403903504576,0
137,-0.3220615162056756,1,0.423267751495006,0
138,0.8135172173696698,1,0.5058038362166019,0
139,-1.2308643164339552,1,0.47261989638674845,0
140,0.22745993460412942,1,0.4273848490875055,0
141,1.307142754282428,1,0.6176723533291303,0
142,-1.6074832345612275,1,0.4780623931015814,0
143,0.1846338585323042,1,0.42742700873067996,0
144,0.25988279424842353,1,0.4664884361526949,0
145,0.7818228717773104,1,0.5028643391108931,0
146,-1.236950710878082,1,0.47889114828610774,0
147,-1.3204566130842763,1,0.5091248901819868,0
148,0.5219415656168976,1,0.4654048958537106,0
149,0.29698467323318606,1,0.4530034941873403,0
150,0.25049285034587654,1,0.4512705736453187,0
151,0.3464482094969757,1,0.4528013632155483,0
152,-0.6800247215784908,1,0.46712474357771055,0
153,0.23225369716100355,1,0.46272682571469187,0
154,0.29307247329868125,1,0.4839150385896035,0
155,-0.7143514180263678,1,0.49518271985095536,0
156,1.8657745111447566,1,0.26742004534396646,0
157,0.4738329209117875,1,0.49285034806726497,0
158,-1.1913034972026486,1,0.48748155282728284,0
159,0.6565536086338297,1,0.47885349530357196,0
160,-0.9746816702273214,1,0.49239140506229845,0
161,0.787084603742452,1,0.5069211714553866,0
162,1.158595579007404,1,0.5231993413991476,0
163,-0.8206823183517105,1,0.4424816068531409,0
164,0.9633761292443218,1,0.5334103996974502,0
165,0.4127809269364983,1,0.5218851129648564,0
166,0.82206015999449,1,0.5391229788328773,0
167,1.8967929826539474,1,0.6119116767631955,0
168,-0.2453881160028705,1,0.45546432012037286,0
169,-0.7537361643574896,1,0.41948002080580093,0
170,-0.8895144296255233,1,0.3966136900964715,0
171,-0.8158102849654383,1,0.42103693071392495,0
172,-0.0771017094141042,1,0.4939683709914577,0
173,0.3411519748166439,1,0.5476944083391703,0
174,0.27669079933001905,1,0.5425467252507555,0
175,0.8271832490360238,1,0.565740474935971,0
176,0.01300189187790702,1,0.5201645333309018,0
177,1.4535340771573169,1,0.5878097973244785,0
178,-0.2646568332379561,1,0.4785649420324878,0
179,2.720169166589619,1,0.6625336751925592,0
180,0.6256673477650062,1,0.5731038308092956,0
181,-0.8571575564162826,1,0.3332064135992665,0
182,-1.0708924980611123,1,0.3382086716652205,0
183,0.4824724152431853,1,0.5267023616825216,0
184,-0.2234627853258509,1,0.42309075115832967,0
185,0.714000494092092,1,0.5587707530973942,0
186,0.47323762457354485,1,0.5297733383237664,0
187,-0.07282891265687277,1,0.46817780245335483,0
188,-0.846793718068405,1,0.37300003083360256,0
189,-1.5148472246858646,1,0.2920094681778652,0
190,-0.4465149520670211,1,0.4299517130680298,0
191,0.8563987943234723,1,0.57784479572745,0
192,0.21409374413020396,1,0.49935938919041967,0
193,-1.245738778711988,1,0.38116585505997747,0
194,0.173180925851182,1,0.494397286634346,0
195,0.3853173797288368,1,0.5153456167994728,0
196,-0.883857436201133,1,0.4257756664976076,0
197,0.1537251059455279,1,0.4907767740011344,0
198,0.058208718445999896,1,0.5200625745458225,0
199,-1.142970297830623,1,0.46333590061935875,0
200,0.3577873603482833,1,0.5122223997057198,0
201,0.5607845263682344,1,0.5278663635009845,0
202,1.083051243175277,1,0.5502725852007357,0
203,1.053802052034903,1,0.5713294935609632,0
204,-1.377669367957091,1,0.36697842762397104,0
205,-0.9378250399151228,1,0.43625811032457307,0
206,0.5150352672086598,1,0.49818432702988974,0
207,0.5137859509122088,1,0.499551572319481,0
208,0.5150476863060479,1,0.5022905554088681,0
209,3.852731490654721,1,0.9618362425996899,1
210,0.570890510693167,1,0.4781517465852268,0
211,1.135565640180599,1,0.5405119495212259,0
212,0.9540017634932023,1,0.5381092813121378,0
213,0.651391251305798,1,0.5165270428976714,0
214,-0.3152692446403456,1,0.41607792845846786,0
215,0.7589692204932674,1,0.5302473030769845,0
216,-0.7728252145375718,1,0.3986329929686655,0
217,-0.23681860674000887,1,0.42104354439231445,0
218,-0.48536354782910346,1,0.4131925285988949,0
219,0.08187413938632256,1,0.44202551835975024,0
220,2.3146585666735087,1,0.8304526807251402,1
221,-1.867265192591748,1,0.40037929751527956,0
222,0.6862601903745135,1,0.49451427719738544,0
223,-1.6127158711896517,1,0.4662931927886456,0
224,-0.47193186578943347,1,0.37494822135550426,0
225,1.088950596967366,1,0.5711266423639763,0
226,0.06428001909546277,1,0.39422678580401754,0
227,-1.0777447779293061,1,0.38498155627567726,0
228,-0.7153037092599682,1,0.37450971302530567,0
229,0.6795977489346758,1,0.46994402941999674,0
230,-0.7303666317171367,1,0.3650680703385962,0
231,0.21645858958197486,1,0.4048259181330664,0
232,0.045571839903813784,1,0.38817501703188834,0
233,-0.6516003476058171,1,0.385330211134956,0
234,2.1439440893253257,1,0.8349493970195007,1
235,0.6339190223180112,1,0.46687084014755226,0
236,-2.025142586657607,1,0.5609789094501644,0
237,0.18645431476942764,1,0.38203714888072504,0
238,-0.661786464768388,1,0.36992647631725456,0
239,0.852433334796224,1,0.480963930277877,0
240,-0.7925207384327007,1,0.4587815490943346,0
241,-0.11473644146689901,1,0.4526146491040036,0
242,0.5049872789804571,1,0.46120540134182025,0
243,0.8657551941701215,1,0.46449807307168495,0
244,-1.2002964070557762,1,0.5323144152546542,0
245,-0.3345012358409484,1,0.46800534976680047,0
246,-0.4749453111609562,1,0.4866733209115224,0
247,-0.6533292325737119,1,0.4999979602539027,0
248,1.7654542402810969,1,0.5028949320888358,0
249,0.40498171096095553,1,0.43718281689847777,0
250,0.10867406849743233,2,0.4324401137607829,0
251,3.3767929205821643,2,0.8138856784188059,1
252,5.18323429551895,2,0.9999538124930534,1
253,3.54869789082672,2,0.9967313324238017,1
254,-0.27905494893102034,2,0.29203158124870804,0
255,1.273648890700623,2,0.5596916425041808,0
256,3.900366723779934,2,0.9993778224045953,1
257,0.938495801571829,2,0.4236399231206562,0
258,2.6657291422193428,2,0.9640611761903544,1
259,3.1619510801440054,2,0.9925235969704073,1
260,0.6096042926328755,2,0.32884855293585996,0
261,1.9107119659073,2,0.8035875856923207,1
262,-2.861901010103609,2,0.8339950436835951,1
263,0.46341853799856514,2,0.28020330728695253,0
264,1.6211477729102595,2,0.6639330372338912,0
265,0.12832522705272575,2,0.24296292936708555,0
266,4.448616955897453,2,0.9999507940883658,1
267,-0.14521206694094912,2,0.20816546929643767,0
268,1.3399332699545243,2,0.5305925705101492,0
269,2.196110865929137,2,0.8741523416706041,1
270,4.161909933599173,2,0.9997849516246125,1
271,-0.1537932267691593,2,0.1821710803071526,0
272,3.7447456282324394,2,0.9987225513582605,1
273,2.0153495915293806,2,0.7928585917390439,1
274,0.5277370234280736,2,0.24610933819329356,0
275,2.693155211394906,2,0.9585213440877958,1
276,2.298589543360205,2,0.890143928162957,1
277,1.099674684261808,2,0.40878013523948226,0
278,2.1047031274850285,2,0.8471535067724433,1
279,1.4220296047073597,2,0.5546184672532377,0
280,2.170276017876872,2,0.8653394776731883,1
281,2.99319601178157,2,0.983998771322273,1
282,4.379025224218028,2,0.9998207282196114,1
283,0.14327675175972643,2,0.1655652945737608,0
284,5.1995500619844,2,0.9999810054897738,1
285,-0.9281316992837527,2,0.0857495551362125,0
286,1.7723223574466251,2,0.6742639247178834,0
287,2.8824758097268646,2,0.9599284265045973,1
288,2.4214878016025487,2,0.8878403747733773,1
289,1.0659507202691092,2,0.3916817599089003,0
290,1.6878166244640873,2,0.642879677313701,0
291,1.260498598011751,2,0.471004297695993,0
292,1.1159528645836827,2,0.41800873644212455,0
293,3.274403145531537,2,0.9856108062427428,1
294,2.535523228947571,2,0.9278275372401446,1
295,0.9606356071090187,2,0.3684285192920231,0
296,3.3493998131498763,2,0.9883062346279302,1
297,2.460949281314914,2,0.9174834500475249,1
298,3.2192931782584404,2,0.9835686970583796,1
299,2.9444432628854185,2,0.9702956316825231,1
300,0.7565074836168915,2,0.26051400342004905,0
301,1.1597284397045455,2,0.47000336648302066,0
302,3.120940407684893,2,0.9782928962351326,1
303,2.915555398150197,2,0.9660253663559081,1
304,1.968647609053778,2,0.8174248539666146,1
305,2.175991074963173,2,0.8756397815137399,1
306,3.9164973436826376,2,0.9940138281404524,1
307,1.112642916746255,2,0.41714163227920303,0
308,2.820646071755057,2,0.9564628168591279,1
309,1.696711021349159,2,0.6980523921427491,0
310,1.6734781951591695,2,0.6866785037644626,0
311,3.648165277980785,2,0.9897603762480779,1
312,3.238124523482045,2,0.9770396755782387,1
313,3.220264454000958,2,0.9744272517856832,1
314,3.9582182107314936,2,0.9926789625112851,1
315,2.0315057624491386,2,0.8411459014733218,1
316,3.022929456942446,2,0.9748573502560745,1
317,1.5345998651098158,2,0.6311372204568596,0
318,2.486249528732663,2,0.943027314815204,1
319,1.804785418448473,2,0.7893664650799083,1
320,2.1454939474890775,2,0.8958079202979801,1
321,2.8927355381553705,2,0.970164362820967,1
322,0.7726689751497913,2,0.09012555643953216,0
323,5.13858091352819,2,0.9854606308232892,1
324,0.490973927750447,2,0.05264618309384098,0
325,0.17871708081840176,2,0.03359257521679868,0
326,3.737166310250102,2,0.986176892680855,1
327,3.187494040944404,2,0.9696588348674483,1
328,2.9361797255782327,2,0.9547422215554399,1
329,2.94251826389642,2,0.9539880348449906,1
330,1.981629840729628,2,0.7802579110030886,1
331,0.6541184427712528,2,0.11669372114406862,0
332,2.1137068372905894,2,0.8236557359317259,1
333,0.9842574327318325,2,0.2672841057355191,0
334,3.4626796001266267,2,0.973914852762005,1
335,1.779413927746792,2,0.6939486739918733,0
336,0.7617542048112327,2,0.19057377127031627,0
337,1.5179212375205098,2,0.5962882796033147,0
338,2.6193971814134365,2,0.9132343807148423,1
339,1.154413170794038,2,0.4069498800021839,0
340,0.7666694066503528,2,0.23176335431392242,0
341,2.3655308172378686,2,0.8661656195441785,1
342,2.367449856663084,2,0.8697828039824516,1
343,1.2395852369433054,2,0.4921295630079281,0
344,1.293442541572516,2,0.5390252866220459,0
345,2.3480749060364543,2,0.8697187510798742,1
346,-0.17212651224598607,2,0.05239728016951921,0
347,-0.11119566156483263,2,0.09379673856973021,0
348,0.9223336681213459,2,0.43716949468409483,0
349,1.679829272432229,2,0.6991668808761279,0
350,2.466361348397007,2,0.8469516107572912,1
351,4.213034325424328,2,0.9561773784091718,1
352,3.286489434803029,2,0.9208932702769034,1
353,1.7600922050548593,2,0.6866684500843742,0
354,1.9714756881459667,2,0.7822939743186788,1
355,0.49620595304328674,2,0.2677496822031784,0
356,1.972230296011415,2,0.7956995620866232,1
357,1.5670120416197926,2,0.7210676432945834,0
358,2.484077840507134,2,0.8631558175479583,1
359,0.7591535846715156,2,0.4279273955246714,0
360,2.7790197713617584,2,0.8539002830320812,1
361,4.299108369503866,2,0.785658804433557,1
362,1.8368597773147135,2,0.7658204578345813,1
363,2.6025675831484123,2,0.8627005719523244,1
364,3.035215987566669,2,0.8934429790469403,1
365,1.3981692921712456,2,0.6516178865353465,0
366,2.336138722715625,2,0.8428202670764573,1
367,2.018888601172692,2,0.8076080206648653,1
368,2.1465141478232477,2,0.8280733213924119,1
369,0.8404853242168002,2,0.40389255435894605,0
370,2.036765261388414,2,0.8086387852093476,1
371,2.746997436868175,2,0.8867592384833194,1
372,4.176715411692562,2,0.8997944725962345,1
373,3.4389062391278102,2,0.9195168908285952,1
374,5.229773686267334,2,0.9588521032979362,1
375,0.8489786556679257,2,0.2984173977750936,0
376,3.3084809550810172,2,0.9255319437132923,1
377,2.2750130086075275,2,0.8072708580024368,1
378,5.284704399826508,2,0.9800068127380058,1
379,0.7875525719672729,2,0.1784863591166512,0
380,0.740417236728836,2,0.17837264593315663,0
381,1.1009110318339668,2,0.33076060383207156,0
382,-1.1858435864647103,2,0.008161677298093032,0
383,1.2113674674788584,2,0.4323797348210571,0
384,0.8613010076694532,2,0.32330329382758793,0
385,2.2255906797143115,2,0.7362398940639013,0
386,2.5126339636657393,2,0.8071596074574647,1
387,4.814256258823829,2,0.9841279663305852,1
388,3.4256357572790757,2,0.927542605992323,1
389,1.1346445165063954,2,0.35803274810946484,0
390,0.6523779929774631,2,0.21998368922783368,0
391,2.7378787572597587,2,0.8287625359699299,1
392,0.01965018946903685,2,0.12922947005505137,0
393,4.747188148781531,2,0.9833243389707974,1
394,3.7691601810819306,2,0.9432048513926414,1
395,1.2962365218429428,2,0.4058911126018158,0
396,-0.569701793636316,2,0.09142868930662008,0
397,4.0308085612481195,2,0.9556165446685457,1
398,1.8281902321210732,2,0.5341203463564557,0
399,3.8567244679601926,2,0.9437734995449102,1
400,-0.39164148819155065,2,0.11552224810485436,0
401,1.1009374655693407,2,0.33006279009523226,0
402,2.0078655495772746,2,0.5624376934262914,0
403,2.070470890647113,2,0.590556645584992,0
404,1.3249017927811346,2,0.41033335160807416,0
405,2.934274898521248,2,0.7990043809710471,1
406,0.3985693559261083,2,0.2602230225532144,0
407,1.7864307724680597,2,0.5536248104121363,0
408,2.1804434475678485,2,0.641660772116346,0
409,2.7716582510881236,2,0.7668606279658425,1
410,3.067422317133335,2,0.8169009145046771,1
411,0.31303686224319627,2,0.264930753772514,0
412,-0.30117125610343365,2,0.18338082429037145,0
413,3.9165152328477637,2,0.9140206463326876,1
414,2.4984710179693876,2,0.7427387017975479,0
415,0.8772701951651696,2,0.34823008066088745,0
416,4.326727963283784,2,0.9500764814896667,1
417,2.1735119514392878,2,0.6584364202254053,0
418,3.7689457760957397,2,0.9042956284764261,1
419,2.1012777221151633,2,0.6597122113634,0
420,5.091121887322981,2,0.973570999462578,1
421,4.633011263664807,2,0.9690624991564927,1
422,1.6265537772813898,2,0.49044431159569807,0
423,3.457356426431533,2,0.8940582685885854,1
424,2.9680639243777214,2,0.8275842601611964,1
425,4.052947336298523,2,0.9361533166013787,1
426,0.5526148091298433,2,0.2219534633221042,0
427,3.029077189997659,2,0.8495763819029515,1
428,3.5876367302743817,2,0.9088659062456815,1
429,-0.6381092296346713,2,0.04962030405350879,0
430,0.22511223100133737,2,0.18467834644505796,0
431,-1.058848266640151,2,0.050008101224719874,0
432,1.5958897483331633,2,0.49602819230167655,0
433,3.0763133836939436,2,0.8205914138663897,1
434,4.253535578144042,2,0.9454747573327865,1
435,2.111142170629663,2,0.6083951265736888,0
436,4.442923318356938,2,0.9591066826369568,1
437,-0.07015218732233697,2,0.12831934430732528,0
438,-0.5550736590327321,2,0.10899630149320161,0
439,1.916678451655072,2,0.520699411070109,0
440,2.576098173408961,2,0.6853828540173329,0
441,1.9509578778588603,2,0.5319100171321133,0
442,-1.101163150059815,2,0.10533322834425682,0
443,1.8663199407308173,2,0.507248251826867,0
444,0.04329574924272017,2,0.2005440962051315,0
445,3.0045088232450574,2,0.76445330079741,1
446,2.549897369145272,2,0.6715043219034443,0
447,0.5901803205089671,2,0.2808827025784013,0
448,1.2291996239949596,2,0.38964421616735667,0
449,0.41117971716657253,2,0.2838540593204139,0
450,1.9059813540902422,2,0.5284583966106695,0
451,3.4327134807518576,2,0.8065652269107493,1
452,0.5214109304966845,2,0.35223057155089027,0
453,2.7560697732767667,2,0.6979785651500963,0
454,1.204613572441339,2,0.4631206174404509,0
455,0.8106907516064839,2,0.41747126876842655,0
456,1.8394544600681633,2,0.5754249824091463,0
457,0.4471365163709389,2,0.39306363568558,0
458,1.169526041979227,2,0.5026457443911633,0
459,0.20318316111672718,2,0.409175896835439,0
460,4.947087699374584,2,0.7612430967729685,1
461,2.052895327957593,2,0.6018601387310051,0
462,0.9504117380111217,2,0.46122257973286956,0
463,2.320969866101333,2,0.6625433887406307,0
464,1.8315079254637552,2,0.6046492989205107,0
465,1.6685456007001656,2,0.6095671839806409,0
466,2.921250050065138,2,0.6979329260035866,0
467,3.1362615650709578,2,0.6739441569005453,0
468,1.2042482785842088,2,0.5738209739839135,0
469,1.13627263903298,2,0.5728429634702458,0
470,1.587422454272534,2,0.6522285152476442,0
471,-1.452881747103377,2,0.045219062513605295,0
472,-0.2727865932978286,2,0.30089035476034426,0
473,4.050311401166788,2,0.6423517623948035,0
474,4.467451570251925,2,0.7351481040042511,0
475,1.6264459406654326,2,0.5854475562077919,0
476,2.8648354445836497,2,0.7234267011371022,0
477,2.466875231815304,2,0.6906610987589962,0
478,6.618321212682856,2,0.9309558609333612,1
479,3.679362367151865,2,0.8371654899368838,1
480,1.8081236127788503,2,0.5350593490964597,0
481,0.5666893390993613,2,0.3015055869748774,0
482,-0.40966948038635875,2,0.20538831678045738,0
483,2.3051954538008346,2,0.6182863241302009,0
484,0.865473882073545,2,0.37173013459861876,0
485,-0.13338056439651114,2,0.25083667352296796,0
486,1.0301406736362102,2,0.39503527152455936,0
487,0.37767799457840745,2,0.31572262444427784,0
488,4.530712452608848,2,0.9136028583301693,1
489,3.3224596354241758,2,0.7794253569336999,1
490,1.988041038025074,2,0.5342014223255437,0
491,4.2199162083350386,2,0.8926233234381005,1
492,2.1160524614714276,2,0.5688574277187801,0
493,0.7080736980076046,2,0.315976486413703,0
494,4.284686115904486,2,0.9069741362735195,1
495,2.808365065526988,2,0.6957077282164384,0
496,0.4441307685103153,2,0.2659288605024181,0
497,1.7144919828745877,2,0.46846620460338817,0
498,0.6865726199228641,2,0.3177069709206009,0
499,-0.07419959644650387,2,0.2487725916173972,0
500,-0.2590579619746869,3,0.248525618785498,0
501,0.5275333123761046,3,0.3109098779530322,0
502,-2.1188540590553133,3,0.22050567451629896,0
503,-0.5496246106475433,3,0.25613513738537147,0
504,-1.5205140552974616,3,0.32146675225852056,0
505,-1.3897003070117568,3,0.3852030160679673,0
506,-1.4739151393910954,3,0.4443279327314356,0
507,-1.6911926157438528,3,0.5337988094039594,0
508,-0.9611826976441384,3,0.4627880202783686,0
509,-1.6647600931288302,3,0.6139750643032091,0
510,-0.7836345393761289,3,0.545127609446771,0
511,-1.0401904875593095,3,0.5945469914755278,0
512,-1.1911584374931279,3,0.6257691911357774,0
513,-1.7260509296332782,3,0.7161249565139282,0
514,-1.4614170644546662,3,0.6992241740655568,0
515,-0.3956870193393951,3,0.5287137108497695,0
516,-0.5992662499004954,3,0.5605364727090617,0
517,-1.7820441958388409,3,0.7777968690629755,1
518,-0.9205341556566193,3,0.6243547534280417,0
519,-0.39889030130256875,3,0.5799469192850336,0
520,-2.3355242248970978,3,0.8959683233617759,1
521,-0.565311846096052,3,0.6512978037533455,0
522,-1.5300990071566773,3,0.8541239835594261,1
523,-0.5435210651254725,3,0.7270869738408545,0
524,-1.6106073252340134,3,0.8839172876355885,1
525,-2.443905680531615,3,0.9339560451332455,1
526,-2.30203395030653,3,0.9407375774522075,1
527,-0.9615320426708944,3,0.911234232052164,1
528,-0.7922219986228145,3,0.9094952881812091,1
529,-1.723453300083527,3,0.9700151023880561,1
530,-0.48912603297810087,3,0.7908414924306403,1
531,-2.3292160498151677,3,0.9493679209650548,1
532,-1.0528638389178533,3,0.9552058799160105,1
533,-1.9688129598099655,3,0.9735021077921446,1
534,-1.5214688862417274,3,0.9800333830899988,1
535,-0.9620810629468688,3,0.9429654839259484,1
536,-1.688330692227162,3,0.9799331579995993,1
537,-1.3076444353838603,3,0.9735333978137996,1
538,-0.1949657526284475,3,0.3268021153172493,0
539,-1.461513495618519,3,0.975354470649047,1
540,-0.3314463103478865,3,0.5750209334956919,0
541,-1.9037654837260947,3,0.9720768618548377,1
542,-0.5761566576677737,3,0.8025719618073465,1
543,0.1532548965263203,3,0.10714977953668223,0
544,-2.9773156001018313,3,0.7829458266366279,1
545,-1.6375162043763813,3,0.9667115855040109,1
546,-0.5383422982555679,3,0.7726800794174792,1
547,-1.162436308834394,3,0.9454391343502971,1
548,-0.7030833013029529,3,0.8568081611259363,1
549,-1.4831881493726564,3,0.9635765753220441,1
550,-0.9307281700216801,3,0.9147850081104867,1
551,-1.1245417883136635,3,0.9470684685070325,1
552,-0.06577435067215409,3,0.32587249823596914,0
553,-0.7964633253590295,3,0.8942357264509947,1
554,-0.7299178703398382,3,0.875291358865156,1
555,-1.329501572897974,3,0.9578319610451181,1
556,-1.3900849792579948,3,0.9622394276407096,1
557,-1.3460465502556969,3,0.9629249471743064,1
558,-0.6844382860973626,3,0.8869289567903583,1
559,-1.3367875846562103,3,0.9624035902054632,1
560,-0.7681801144828697,3,0.9110691301615393,1
561,0.6603206389163512,3,0.009767088553432965,0
562,-0.3031002372546461,3,0.7374331956915026,0
563,-1.260818825734273,3,0.9517919527785201,1
564,-0.039028862268844056,3,0.5372287138760434,0
565,-1.3264602984172411,3,0.9488178512504274,1
566,-2.6304996281422834,3,0.6694477188453866,0
567,-1.8064690487339234,3,0.9374726261047307,1
568,-2.496633536820685,3,0.850572410579066,1
569,-1.281210787233047,3,0.9420509072664178,1
570,-0.9852652966483586,3,0.9207982351318196,1
571,0.34114984982022634,3,0.175222382492052,0
572,-0.7384581009886699,3,0.8843820275489956,1
573,-1.1752804230470915,3,0.9331021930159403,1
574,-0.3364755350532086,3,0.7365125975196558,0
575,-2.7689082472063085,3,0.5698508986772381,0
576,-0.8115083535131472,3,0.9053237738422737,1
577,-0.38330784489042646,3,0.7792250624802751,1
578,-2.1828689966238732,3,0.9030845485934156,1
579,-0.08499676543445667,3,0.566320724853787,0
580,-0.7292028740044687,3,0.8816634973560182,1
581,-1.3322303311206412,3,0.9357364974961042,1
582,-0.49377450711497206,3,0.8193092892236747,1
583,0.8165542862435169,3,0.03688257586060586,0
584,-0.8545069959532039,3,0.890346959370081,1
585,-0.8014235309597311,3,0.882482958279093,1
586,-1.3674887196321954,3,0.9264647730019124,1
587,-1.6798754955718334,3,0.9276675043233261,1
588,-0.3357313467646035,3,0.7551889480420949,1
589,-1.6848670607270937,3,0.926189129283823,1
590,-0.942747010224486,3,0.8954798246184993,1
591,-1.3821259574120934,3,0.9239353891765124,1
592,-0.6168161394028865,3,0.8438534710033738,1
593,-0.7330703157704413,3,0.8718146167176075,1
594,-0.16996804459368064,3,0.6412514385647071,0
595,-1.4080131190837977,3,0.9357661042224359,1
596,-1.215899948234697,3,0.9283318996012867,1
597,-1.783010972625846,3,0.9290369335746373,1
598,-1.3554346080608892,3,0.937183861477774,1
599,-0.6981596055641182,3,0.8971100622276386,1
600,-0.3944091066837184,3,0.8168128436840663,1
601,-1.7377322593421005,3,0.9147752221459992,1
602,-0.3043152639154718,3,0.754667670802923,1
603,0.08451028704396069,3,0.4314161960873151,0
604,-0.6692520774210393,3,0.8901838332278406,1
605,0.5014366500464529,3,0.12439680225715412,0
606,-1.6190313592828585,3,0.9044196454728124,1
607,-1.9957237626491335,3,0.8363056439683753,1
608,-2.422976199123423,3,0.7093961688735182,0
609,0.19683544919134643,3,0.3871787888798008,0
610,-0.4765074749167538,3,0.8413446900664889,1
611,-1.0444677367283641,3,0.922815733189002,1
612,-0.7760250989441437,3,0.9018743998766983,1
613,-1.9003912378387011,3,0.8883831606877612,1
614,0.9566015836934612,3,0.006873023934521646,0
615,-0.8966230544198179,3,0.9070380555261384,1
616,-0.9124841643160857,3,0.9083669962739928,1
617,-0.41938670088104646,3,0.8132066619639039,1
618,-0.6151926146106295,3,0.8731518918027864,1
619,-0.8208927805766949,3,0.9031682332220154,1
620,-1.6323795643562495,3,0.9067150972368516,1
621,-0.6228253142912035,3,0.8752321043163792,1
622,0.505619597180027,3,0.19324974647604687,0
623,0.07633603692398228,3,0.5850461213007029,0
624,0.27454930131151767,3,0.4540612729635123,0
625,-1.408972541144948,3,0.9004085326631327,1
626,-1.7916838562068649,3,0.8707641911388492,1
627,-1.1006295360797185,3,0.8999718384875711,1
628,-0.9554200701690443,3,0.8960910729003692,1
629,-0.12464678522324113,3,0.729138652908824,0
630,-2.3539717037718555,3,0.7020379489041608,0
631,0.2236402555684911,3,0.49705247143138936,0
632,-1.1264063188631916,3,0.8888138850035289,1
633,-1.3415048559579361,3,0.8927205765336719,1
634,-1.8096835002081342,3,0.8792364578955391,1
635,-2.323885337492616,3,0.8240130868038693,1
636,-0.34146353283046826,3,0.7457999908893467,0
637,-0.9413456262492769,3,0.883988409093799,1
638,-2.031968719792843,3,0.8678654851340178,1
639,-2.0360630176508927,3,0.8568129503871919,1
640,-1.2686277594321025,3,0.9117688785632226,1
641,0.33521722023151446,3,0.29712603305285173,0
642,-1.2076730810908838,3,0.9031446548020763,1
643,-2.202514362494485,3,0.8637453262725349,1
644,-1.1965944512687554,3,0.9008467622503507,1
645,-1.2181788557981363,3,0.9183402037790622,1
646,-3.1575093143532573,3,0.49466378497468,0
647,-1.0434358932142498,3,0.8880111947994563,1
648,-1.1847476241669423,3,0.9040009424350712,1
649,-0.44303490814926527,3,0.7294169169544069,0
650,0.4791648759562763,3,0.14898983002491714,0
651,-0.098747976361794,3,0.5704926009274431,0
652,-1.2151109524438644,3,0.8930941546343459,1
653,-1.8852207269933363,3,0.9204676996006836,1
654,1.0586878425998885,3,0.014615485584603244,0
655,-0.9526252527884094,3,0.8637793686840611,1
656,-0.988856566469643,3,0.8699880681801552,1
657,-1.0193000696880026,3,0.8765700185150734,1
658,-0.841532191385716,3,0.8481652658117362,1
659,-1.115488329539154,3,0.8871072449413376,1
660,-1.458929605504189,3,0.9152898385760077,1
661,-1.4374871529923137,3,0.9161564779364237,1
662,-1.0262026161727986,3,0.8922111116138013,1
663,-1.434739816907012,3,0.923481416693112,1
664,-1.5702766261417316,3,0.9269424288543131,1
665,-0.9148558178464825,3,0.8762078115995425,1
666,-1.2039817739366843,3,0.914777347455374,1
667,0.20319439086615088,3,0.26434046277702444,0
668,-3.1207758467144098,3,0.6254077455256585,0
669,-0.1267945184620305,3,0.55131769182197,0
670,-0.0031318460018967542,3,0.504327814694598,0
671,-2.65871218592652,3,0.8240259393208891,1
672,-1.274150075264279,3,0.8971174675930882,1
673,-1.2971526927966333,3,0.8985267850437533,1
674,-2.126009355774257,3,0.9027083179000518,1
675,-1.6222533500727003,3,0.9127098299264139,1
676,-1.888460676372663,3,0.9153332143195969,1
677,0.4018163547388982,3,0.19528659950240057,0
678,-0.25145728548203106,3,0.6616781906074906,0
679,0.017244075995326957,3,0.5190902601420014,0
680,-0.42266234876541187,3,0.744213206744499,0
681,-1.9032414169737835,3,0.8988139367125841,1
682,-1.419616213023819,3,0.9079194679815394,1
683,-0.6085003510176655,3,0.7935658667303008,1
684,-1.9777022471135564,3,0.8987408913966352,1
685,-0.4296012558620895,3,0.7225525579031844,0
686,-1.192260318526508,3,0.9101786670915559,1
687,-1.299856646039678,3,0.9169832622037803,1
688,-0.43123202543720673,3,0.7216676854502226,0
689,-0.6445893508111682,3,0.8121040249158127,1
690,-1.288772932655264,3,0.9127603829470837,1
691,-0.07253615730860152,3,0.5011773944773414,0
692,-1.864850662079918,3,0.9064678467593407,1
693,-0.507251514444589,3,0.7637363931636338,1
694,-0.525518993625293,3,0.7771035973203093,1
695,-1.2476371514511921,3,0.8996027546046738,1
696,-0.7390935822063056,3,0.8391686627762254,1
697,-2.0008908611082425,3,0.8876448708802962,1
698,-0.2607783846344791,3,0.6410780595300477,0
699,-1.1479217091543912,3,0.910314144673794,1
700,-1.4181784164152316,3,0.9207581346648575,1
701,-0.1607926193304885,3,0.5671591406944536,0
702,-1.5634749524342073,3,0.9180576128020961,1
703,-2.126769037090848,3,0.8153524344283689,1
704,-2.245303338819123,3,0.8056118740436244,1
705,-0.5151920389234883,3,0.8084702138844185,1
706,-2.0243434819970263,3,0.8534994725988534,1
707,0.4038353455874919,3,0.1499800666829133,0
708,-2.665543526306978,3,0.5472465854192511,0
709,0.3571650946320306,3,0.1637688671866232,0
710,-0.8311860262379053,3,0.8683047310940835,1
711,-1.0773704894963139,3,0.9016728836343825,1
712,-1.4359352694471599,3,0.9183289582888902,1
713,-0.6806911085183434,3,0.8428864341777853,1
714,-1.0301077619398786,3,0.900491155263954,1
715,-0.11735849438678281,3,0.568607510209139,0
716,-0.9086178810703682,3,0.8901873496989975,1
717,-0.8797585908304979,3,0.8868889744789908,1
718,-1.2908897697710846,3,0.913046618925882,1
719,-1.045556498976854,3,0.9048152902413159,1
720,-0.7537585848863526,3,0.8665253928486348,1
721,-2.3681347141253006,3,0.7622573539378507,1
722,-2.0785483376845706,3,0.8833498852590049,1
723,-0.40538872478182797,3,0.7201816971647879,0
724,-0.8633076494976465,3,0.8729219258274385,1
725,-1.1471866690821433,3,0.9080751750346422,1
726,-0.9852528535476854,3,0.8919150322155105,1
727,-0.7219346357106631,3,0.8418316218376323,1
728,-1.4318077442474892,3,0.9193976755024117,1
729,-1.6226437803218503,3,0.9222292324393769,1
730,-0.8433237959218547,3,0.8733191468188523,1
731,-1.7826982220920256,3,0.9133431094003903,1
732,-0.6733977954284225,3,0.8247302206565676,1
733,-2.3620668833902725,3,0.8227200820061071,1
734,-0.17667549013948503,3,0.5294680074079561,0
735,-0.6219220140695656,3,0.8276511638747428,1
736,-0.7951762125488995,3,0.8714351408944,1
737,-0.21384721284358887,3,0.6303969810670078,0
738,0.3323795555700615,3,0.12191005842471447,0
739,-0.18850394798549563,3,0.6574001375289209,0
740,-2.472699385065316,3,0.3907540336388226,0
741,-2.0236615733885612,3,0.8406668048104908,1
742,-1.499854862156543,3,0.9213162485659799,1
743,-0.9791271598313329,3,0.9055931527682253,1
744,-0.5858727836247015,3,0.8221918562248648,1
745,-1.5805950505227724,3,0.9166805295960324,1
746,-0.8505865884183373,3,0.888072724369943,1
747,-1.604306345882658,3,0.9235162097660511,1
748,-1.4892142423935586,3,0.9289214530004201,1
749,-2.125328877478578,3,0.8662303038658999,1
750,-0.8464664922218086,4,0.8715149989644047,1
751,-1.7033692112326673,4,0.9253108098313025,1
752,-0.9517465059546655,4,0.8995462910836951,1
753,3.107283593215679,4,1.959125990583609e-09,0
754,-0.898797777663886,4,0.8134014022347817,1
755,6.264764129674782,4,7.279989300720798e-08,0
756,1.9866358017617785,4,0.16574632769506556,0
757,1.3696722473897478,4,0.2650655647844725,0
758,-0.7167155603624271,4,0.5595977600082421,0
759,2.4006197588179825,4,0.21340656609825387,0
760,-0.15127565247554786,4,0.4663772884786962,0
761,1.2440196292907229,4,0.33389129775572096,0
762,6.120169076537589,4,0.7287653691694036,0
763,0.8078802005507002,4,0.35268138477077327,0
764,3.2985466525713516,4,0.5568200789874257,0
765,-0.4063528502517748,4,0.393736695846726,0
766,0.9300230190060766,4,0.3635695044770527,0
767,4.54160127127102,4,0.85583487262388,1
768,-0.2539341155755348,4,0.35083417073706635,0
769,4.624897115993857,4,0.9102391859250432,1
770,2.4155038709109506,4,0.5170971967940181,0
771,-0.12493355178853527,4,0.3186751119804472,0
772,2.264815478111042,4,0.5299512772276178,0
773,2.9451088992534595,4,0.6884437678149448,0
774,2.243619924434393,4,0.5575754756036021,0
775,-2.140449439780913,4,0.3992416593587435,0
776,-0.4542743516497372,4,0.2951389225426097,0
777,0.5049627288969905,4,0.3258911944930557,0
778,0.8511331417999074,4,0.3617741938438149,0
779,2.241344195101356,4,0.5977171034719426,0
780,1.3554020018665076,4,0.45491815585279577,0
781,-1.6706887174202025,4,0.23922134766027572,0
782,1.7603957020119263,4,0.5403406547837974,0
783,2.221171490567646,4,0.6504866397841077,0
784,2.1195808958620797,4,0.6299230881744494,0
785,3.1615614511092436,4,0.8400954621245288,1
786,2.6678443090978083,4,0.7660872617691996,1
787,1.9183601584568732,4,0.6365648380817094,0
788,0.8596685770827059,4,0.43721610807779754,0
789,-2.321921867031983,4,0.11158979209144133,0
790,1.8592364382651718,4,0.6011460803593948,0
791,1.4153753743262223,4,0.5252173828793184,0
792,1.543157674390747,4,0.5489692479333811,0
793,-1.5534971516406189,4,0.17330081768763167,0
794,-1.1621130808165248,4,0.24098944749364623,0
795,3.106305706665807,4,0.7669185765171836,1
796,0.9208896922866899,4,0.48025182114633974,0
797,2.3630013947452486,4,0.6899642515615174,0
798,1.0566367522609224,4,0.527417207115434,0
799,1.0595122789914904,4,0.532514903886908,0
800,2.8765676119519954,4,0.7278224320328852,0
801,-0.03208945643474781,4,0.41389748063336984,0
802,1.1922415538819666,4,0.583844894853086,0
803,0.07544942258991505,4,0.43914838752989777,0
804,0.13100754513536883,4,0.47087465438855536,0
805,0.38165575306272126,4,0.5153543559252365,0
806,1.4442675432674257,4,0.6499070739592392,0
807,0.04250275667304537,4,0.46718819224784597,0
808,3.5115122511470416,4,0.6793934937496723,0
809,-0.7892146044390078,4,0.2799316719296297,0
810,0.6262567116772819,4,0.5418592419153606,0
811,0.12053788345165017,4,0.4727447501936611,0
812,3.8939557687074657,4,0.6910548466550276,0
813,1.3931095530231492,4,0.6288215936993304,0
814,3.0636890789372697,4,0.7302728666568092,0
815,-1.971120746073944,4,0.13650188663845755,0
816,1.5341005317385177,4,0.6084312640194591,0
817,2.779261591246874,4,0.6701922417345584,0
818,1.1645679785508483,4,0.5769586801967423,0
819,3.1309607501307024,4,0.6986840179471209,0
820,-0.03457690020074433,4,0.41620748763996807,0
821,3.81869488037116,4,0.7414250737458171,0
822,5.5977962472385006,4,0.8991215355083415,1
823,0.2743228791206819,4,0.39361395478400885,0
824,0.10899495719845642,4,0.3697068088436972,0
825,3.906768954235402,4,0.8711195991665179,1
826,4.159144291461425,4,0.8957229734391433,1
827,-0.045720054306536584,4,0.3069161659024893,0
828,0.1596263658082855,4,0.35213504838121573,0
829,0.4364307822789856,4,0.39630485095183876,0
830,-1.688901022068554,4,0.18045769314846652,0
831,-0.8373038929683965,4,0.28391158066365413,0
832,-1.0082815335041357,4,0.2810102665567479,0
833,-0.5355951302082569,4,0.32415551649598434,0
834,0.9306302252264377,4,0.4503406265814909,0
835,1.4684294650730414,4,0.5197339734588309,0
836,4.101000985628154,4,0.8875739146251068,1
837,-0.9967080814775819,4,0.27633679454738763,0
838,2.9686447969531677,4,0.748279448501192,0
839,0.5720223115489821,4,0.390121009653651,0
840,0.9010725806951341,4,0.43204830175499015,0
841,2.3496389843332075,4,0.6547740542059527,0
842,-1.2454440431245972,4,0.2491432122245516,0
843,1.764819492368101,4,0.553366282811163,0
844,1.3329044164261121,4,0.4914361740350272,0
845,1.9849025280162982,4,0.5871963590874386,0
846,1.578337287815636,4,0.5579545142298533,0
847,5.9106002798217885,4,0.9833633570020212,1
848,-0.2754799685026319,4,0.29775119143425105,0
849,-0.0619939100036353,4,0.3183678838217424,0
850,-0.24628105284952873,4,0.32314872208667494,0
851,-0.11095423832050932,4,0.33157872051499715,0
852,-0.2747742546130354,4,0.3468813141756519,0
853,3.3780330622151036,4,0.7189291924625113,0
854,3.8410084959797097,4,0.8044039545081817,1
855,-0.14149258749895255,4,0.3595092618421289,0
856,-0.6647111462084574,4,0.3592280045752057,0
857,1.9428311127728082,4,0.5666922262778451,0
858,-0.10444608856194249,4,0.41762840666340206,0
859,2.2658636355110215,4,0.6028830159615673,0
860,1.4058460417025995,4,0.5290728440183213,0
861,-2.031488229994464,4,0.2611916356978348,0
862,4.095010402660123,4,0.8184274066683416,1
863,4.591755346191043,4,0.9043722248634908,1
864,-0.22557738096877245,4,0.31746648818394774,0
865,0.2245968801280317,4,0.36393371133817937,0
866,1.5717307814498098,4,0.5324189750709588,0
867,1.66891357997405,4,0.559276952246743,0
868,2.317088545345661,4,0.6654295086287595,0
869,5.020409077532699,4,0.9347718321315838,1
870,0.6461055450119012,4,0.40413991806131705,0
871,-0.5965944890769075,4,0.28006875717279744,0
872,-1.7586384560290544,4,0.259809683105066,0
873,-0.46186007988383815,4,0.3100877686692244,0
874,0.9337460542524059,4,0.4342143692966016,0
875,4.589115727035575,4,0.924780560085742,1
876,-0.03522259807234285,4,0.32645649824842965,0
877,1.447575903277797,4,0.47320193796978527,0
878,0.9671542078544959,4,0.4632310542565471,0
879,3.376786546896168,4,0.7665383907946811,1
880,6.053864851747243,4,0.9849395705881793,1
881,-0.061737545840641284,4,0.3048109599817081,0
882,0.02112111496355573,4,0.3106596245049097,0
883,3.088321754138144,4,0.7718761090518798,1
884,2.3637829792526226,4,0.6417445634129021,0
885,4.693414651472067,4,0.945879750194778,1
886,2.167856370651928,4,0.6077416983575948,0
887,0.2814158184258809,4,0.31229484792935963,0
888,2.181309661384619,4,0.6177971515452914,0
889,3.2174071611658155,4,0.8156800928779487,1
890,2.640964362394728,4,0.7153948415567233,0
891,2.0145480622145957,4,0.5897013632037695,0
892,3.133349379178308,4,0.829599150689288,1
893,3.3385911808913455,4,0.8556322039130961,1
894,3.7643179820750543,4,0.8975617837761749,1
895,2.2974197751792853,4,0.7000922101114517,0
896,0.6657638393662912,4,0.34354813860385436,0
897,1.2934273728666457,4,0.48168875043163395,0
898,3.4130179330167136,4,0.8762172199893237,1
899,-0.6338713419744721,4,0.15564529015116796,0
900,1.7373466177458023,4,0.5886970558692896,0
901,0.21332237534527865,4,0.2915695975727222,0
902,1.057489645869635,4,0.45217024339958317,0
903,3.5569037252145974,4,0.8959567653594948,1
904,1.3821981360398068,4,0.5407423267861801,0
905,1.0928730963122977,4,0.45809518722553283,0
906,-1.7197122819598385,4,0.02979241538688638,0
907,2.4925071320544414,4,0.7738612394550243,1
908,2.290968362282151,4,0.7422288605031694,0
909,5.32650944661092,4,0.9757565574361468,1
910,0.38444353009399834,4,0.2763941687272421,0
911,1.4383006553278779,4,0.5845595477271237,0
912,1.4987673674215105,4,0.6053350762120581,0
913,4.154906559526949,4,0.9251683377207692,1
914,0.8094089352260958,4,0.40478349316718226,0
915,1.5580430515406785,4,0.6127138754404063,0
916,2.2157930194330784,4,0.7621960823002009,1
917,1.3732182463127163,4,0.6009527744908145,0
918,0.10713277089894346,4,0.24478885183173113,0
919,1.388179985796615,4,0.6051151201029751,0
920,3.147263499719544,4,0.8423513348939178,1
921,-1.0530305988221205,4,0.08220343669677532,0
922,1.265939348293752,4,0.5689044312091062,0
923,-0.40024162987834644,4,0.22992572952721077,0
924,3.390093257849685,4,0.8055185601024514,1
925,-2.0463738095675494,4,0.0726243918154068,0
926,-0.11784369454317667,4,0.3584062110104465,0
927,1.7544237501290416,4,0.6152258828591566,0
928,4.13104805846868,4,0.8300137909822679,1
929,0.8684994778540244,4,0.48899885350348066,0
930,-0.11039905338639677,4,0.3442422314324475,0
931,4.76231413888118,4,0.8787288308077046,1
932,-1.896027800832488,4,0.1644807989959069,0
933,-3.397611913240164,4,0.23773443997208973,0
934,1.8800289001066648,4,0.5329824670112289,0
935,-0.004108448705222312,4,0.35626093115058877,0
936,-1.0424656342614265,4,0.33145292663922477,0
937,2.4167128945987066,4,0.6097272657388053,0
938,1.4876014275423977,4,0.48798261379625824,0
939,-0.12815726147345674,4,0.3594741285444767,0
940,-1.5606087973417888,4,0.36176425033678244,0
941,2.7449146565602893,4,0.6123189938947059,0
942,2.300402355917322,4,0.5706148410716991,0
943,0.8016482724412342,4,0.4399458126793049,0
944,4.693273992095332,4,0.8070921836914005,1
945,-1.1401695326523051,4,0.3698372768606648,0
946,-2.0510503418494777,4,0.43058872857936503,0
947,-0.38381613976248885,4,0.39792138814046935,0
948,0.9088279672890044,4,0.41596953226717565,0
949,1.4866788986453836,4,0.44727470954525256,0
950,0.5175278842873403,4,0.4040342211498971,0
951,1.7041107930285935,4,0.4614306767247943,0
952,-1.5030788483808881,4,0.44453767734874217,0
953,3.887529208146519,4,0.7007646417009666,0
954,0.8356976432148624,4,0.4046327010107022,0
955,3.2345916631762552,4,0.6227977778072297,0
956,1.6854506927554083,4,0.4808772734078327,0
957,1.913506438307568,4,0.509244199622275,0
958,2.1395345604644076,4,0.5335897843702186,0
959,1.89541712003463,4,0.5133133927021771,0
960,2.285445519735088,4,0.5539013501840763,0
961,3.658305060264863,4,0.7410735986500282,0
962,1.3930423394029403,4,0.48932943047693533,0
963,2.418007515177025,4,0.6095128355455907,0
964,0.8205286114255466,4,0.5048281458175724,0
965,3.8802344308989456,4,0.7624648991947938,1
966,-0.3527846041185394,4,0.3313077367565567,0
967,4.601880865821631,4,0.8571865907156423,1
968,0.9196840987113132,4,0.4747195709564978,0
969,-1.8615502042360963,4,0.1891136918654963,0
970,1.2562088298215786,4,0.5024663924780083,0
971,-0.36210331494976167,4,0.3035303355691439,0
972,2.681287097977448,4,0.6954176773580653,0
973,-0.3052479586047818,4,0.3303400961208098,0
974,0.10763313357044058,4,0.37871086143335875,0
975,-2.779081461891062,4,0.20156891827904258,0
976,0.09538736150184657,4,0.4109836991029829,0
977,-3.8477586532579133,4,0.19447352020558906,0
978,-2.1678056469714466,4,0.35038165563830725,0
979,2.520829312288595,4,0.5868968686088673,0
980,2.571600317301664,4,0.5967318264923303,0
981,1.8509151235699295,4,0.5136850164946374,0
982,-0.933952286258426,4,0.3515889936162208,0
983,0.9045772877160403,4,0.4270846777466279,0
984,0.9927949218188632,4,0.45120714674340595,0
985,-1.3167293783850855,4,0.3676082190372812,0
986,4.006796603534301,4,0.746100329559935,0
987,2.7547245811513426,4,0.6048200352894229,0
988,0.5580716523406721,4,0.4039866765602213,0
989,1.0537716779890616,4,0.4345151119537249,0
990,1.416765615895105,4,0.4597761451857757,0
991,-3.0834697368485813,4,0.5646542465098568,0
992,0.5056452349588061,4,0.40826845628511427,0
993,-0.3639684959955971,4,0.41924514354387515,0
994,-1.003240019789831,4,0.46526621866272444,0
995,0.4377994142280902,4,0.4113073374282228,0
996,4.595373053699046,4,0.6487952786090267,0
997,2.2816857225340197,4,0.4646534135512463,0
998,-0.1423579795655936,4,0.44499777080284314,0
999,2.145165562712317,4,0.443025314652029,0
